<?xml version="1.0"?>
<doc>
    <assembly>
        <name>JellyfinCarouselPlugin</name>
    </assembly>
    <members>
        <member name="T:JellyfinCarouselPlugin.Configuration.PluginConfiguration">
            <summary>
            Configuration pour le plugin Carousel Layout
            </summary>
        </member>
        <member name="P:JellyfinCarouselPlugin.Configuration.PluginConfiguration.EnableCarouselLayout">
            <summary>
            Active ou désactive l'affichage en carrousel
            </summary>
        </member>
        <member name="P:JellyfinCarouselPlugin.Configuration.PluginConfiguration.ShowNewReleases">
            <summary>
            Active la catégorie "Nouveautés"
            </summary>
        </member>
        <member name="P:JellyfinCarouselPlugin.Configuration.PluginConfiguration.ShowTop10">
            <summary>
            Active la catégorie "Top 10"
            </summary>
        </member>
        <member name="P:JellyfinCarouselPlugin.Configuration.PluginConfiguration.ShowContinueWatching">
            <summary>
            Active la catégorie "Continuer à regarder"
            </summary>
        </member>
        <member name="P:JellyfinCarouselPlugin.Configuration.PluginConfiguration.ShowRecommended">
            <summary>
            Active la catégorie "Recommandés"
            </summary>
        </member>
        <member name="P:JellyfinCarouselPlugin.Configuration.PluginConfiguration.ShowGenreCategories">
            <summary>
            Active les catégories par genre
            </summary>
        </member>
        <member name="P:JellyfinCarouselPlugin.Configuration.PluginConfiguration.ShowNewEpisodesBadge">
            <summary>
            Active le badge "NOUVEAUX ÉPISODES"
            </summary>
        </member>
        <member name="P:JellyfinCarouselPlugin.Configuration.PluginConfiguration.ShowQualityBadge">
            <summary>
            Active l'affichage de la qualité (4K, HD, etc.)
            </summary>
        </member>
        <member name="P:JellyfinCarouselPlugin.Configuration.PluginConfiguration.ItemsPerCarousel">
            <summary>
            Nombre d'éléments par carrousel
            </summary>
        </member>
        <member name="P:JellyfinCarouselPlugin.Configuration.PluginConfiguration.EnableHoverAnimations">
            <summary>
            Active les animations de hover
            </summary>
        </member>
        <member name="P:JellyfinCarouselPlugin.Configuration.PluginConfiguration.ShowCollections">
            <summary>
            Active la catégorie "Collections"
            </summary>
        </member>
        <member name="P:JellyfinCarouselPlugin.Configuration.PluginConfiguration.HeroMode">
            <summary>
            Mode d'affichage du Hero (Random, Latest, Resume)
            </summary>
        </member>
        <member name="P:JellyfinCarouselPlugin.Configuration.PluginConfiguration.EnableFavoritesButton">
            <summary>
            Active le bouton Favoris sur les cartes
            </summary>
        </member>
        <member name="P:JellyfinCarouselPlugin.Configuration.PluginConfiguration.HighlightColor">
            <summary>
            Couleur de surbrillance (ex: #e50914)
            </summary>
        </member>
        <member name="T:JellyfinCarouselPlugin.Plugin">
            <summary>
            Plugin principal pour l'affichage en carrousel type Netflix
            </summary>
        </member>
        <member name="M:JellyfinCarouselPlugin.Plugin.#ctor(MediaBrowser.Common.Configuration.IApplicationPaths,MediaBrowser.Model.Serialization.IXmlSerializer)">
            <summary>
            Initialise une nouvelle instance de la classe <see cref="T:JellyfinCarouselPlugin.Plugin"/>
            </summary>
            <param name="applicationPaths">Les chemins de l'application</param>
            <param name="xmlSerializer">Le sérialiseur XML</param>
        </member>
        <member name="P:JellyfinCarouselPlugin.Plugin.Name">
            <inheritdoc />
        </member>
        <member name="P:JellyfinCarouselPlugin.Plugin.Id">
            <inheritdoc />
        </member>
        <member name="P:JellyfinCarouselPlugin.Plugin.Instance">
            <summary>
            Instance statique du plugin
            </summary>
        </member>
        <member name="M:JellyfinCarouselPlugin.Plugin.GetPages">
            <inheritdoc />
        </member>
        <member name="M:JellyfinCarouselPlugin.Plugin.GetWebPath">
            <summary>
            Obtient le chemin du dossier Web contenant les ressources JavaScript et CSS
            </summary>
            <returns>Chemin absolu vers le dossier Web</returns>
        </member>
    </members>
</doc>
